month,total_edits,unique_editors,active_prefectures,height_edits,levels_edits,building_types,prev_month_edits,growth_rate_percent,height_coverage_percent
2008-08-01,6,3,3,0,0,1,,,0.0
2008-09-01,2,2,2,0,0,1,6.0,-66.67,0.0
2008-10-01,2,1,1,0,0,1,2.0,0.0,0.0
2008-11-01,6,3,3,0,0,1,2.0,200.0,0.0
2008-12-01,5,2,2,0,0,1,6.0,-16.67,0.0
2009-01-01,7,3,3,0,0,1,5.0,40.0,0.0
2009-03-01,5,1,2,0,0,1,7.0,-28.57,0.0
2009-04-01,3,2,3,0,0,1,5.0,-40.0,0.0
2009-05-01,9,2,5,0,0,1,3.0,200.0,0.0
2009-06-01,5,2,2,0,0,1,9.0,-44.44,0.0
2009-08-01,1,1,1,0,0,1,5.0,-80.0,0.0
2009-09-01,10,3,3,0,0,1,1.0,900.0,0.0
2009-10-01,4,2,2,0,0,1,10.0,-60.0,0.0
2009-11-01,27,6,5,0,0,1,4.0,575.0,0.0
2009-12-01,4,4,4,0,0,1,27.0,-85.19,0.0
2010-01-01,5,2,2,0,0,1,4.0,25.0,0.0
2010-03-01,120,9,9,0,0,1,5.0,2300.0,0.0
2010-04-01,26,4,5,0,0,1,120.0,-78.33,0.0
2010-05-01,54,9,7,0,0,1,26.0,107.69,0.0
2010-06-01,11,4,4,0,0,1,54.0,-79.63,0.0
2010-07-01,18,6,7,0,0,1,11.0,63.64,0.0
2010-08-01,81,11,9,0,0,1,18.0,350.0,0.0
2010-09-01,43,8,9,0,0,1,81.0,-46.91,0.0
2010-10-01,68,10,9,0,0,1,43.0,58.14,0.0
2010-11-01,41,5,5,0,0,1,68.0,-39.71,0.0
2010-12-01,2312,20,12,0,0,3,41.0,5539.02,0.0
2011-01-01,4216,21,16,0,0,2,2312.0,82.35,0.0
2011-02-01,3261,26,15,0,0,5,4216.0,-22.65,0.0
2011-03-01,23334,176,21,0,0,8,3261.0,615.55,0.0
2011-04-01,5066,64,17,0,0,4,23334.0,-78.29,0.0
2011-05-01,2026,30,18,0,0,3,5066.0,-60.01,0.0
2011-06-01,2563,28,15,0,0,3,2026.0,26.51,0.0
2011-07-01,4494,33,15,1,0,8,2563.0,75.34,0.02
2011-08-01,2303,23,19,0,0,4,4494.0,-48.75,0.0
2011-09-01,3629,29,18,0,0,5,2303.0,57.58,0.0
2011-10-01,10059,32,18,0,0,5,3629.0,177.18,0.0
2011-11-01,8032,29,18,0,0,5,10059.0,-20.15,0.0
2011-12-01,13388,36,16,0,0,6,8032.0,66.68,0.0
2012-01-01,9430,42,21,0,0,9,13388.0,-29.56,0.0
2012-02-01,12106,46,23,0,0,14,9430.0,28.38,0.0
2012-03-01,34068,84,21,21,3,17,12106.0,181.41,0.06
2012-04-01,31587,80,29,57,52,28,34068.0,-7.28,0.18
2012-05-01,10202,78,33,0,0,19,31587.0,-67.7,0.0
2012-06-01,13078,77,27,1,12,16,10202.0,28.19,0.01
2012-07-01,31478,69,36,0,38,19,13078.0,140.69,0.0
2012-08-01,21098,75,32,0,32,23,31478.0,-32.98,0.0
2012-09-01,22405,97,36,1,9,19,21098.0,6.19,0.0
2012-10-01,21814,118,37,0,52,24,22405.0,-2.64,0.0
2012-11-01,49279,90,34,3,186,26,21814.0,125.91,0.01
2012-12-01,47331,83,35,0,88,21,49279.0,-3.95,0.0
2013-01-01,45549,93,36,0,265,25,47331.0,-3.76,0.0
2013-02-01,38134,95,35,0,87,24,45549.0,-16.28,0.0
2013-03-01,40695,112,36,5,95,25,38134.0,6.72,0.01
2013-04-01,34208,104,35,1,26,33,40695.0,-15.94,0.0
2013-05-01,50005,115,37,2,63,24,34208.0,46.18,0.0
2013-06-01,32528,125,34,2,21,24,50005.0,-34.95,0.01
2013-07-01,56280,131,40,5,252,24,32528.0,73.02,0.01
2013-08-01,31738,88,37,2,657,22,56280.0,-43.61,0.01
2013-09-01,31920,86,35,0,297,23,31738.0,0.57,0.0
2013-10-01,36298,147,43,1,715,28,31920.0,13.72,0.0
2013-11-01,49262,128,43,39,434,28,36298.0,35.72,0.08
2013-12-01,79990,132,42,67,658,32,49262.0,62.38,0.08
2014-01-01,58389,130,39,23,8292,27,79990.0,-27.0,0.04
2014-02-01,54579,147,32,8,8809,35,58389.0,-6.53,0.01
2014-03-01,79897,157,42,20,683,33,54579.0,46.39,0.03
2014-04-01,80975,155,42,14,1256,31,79897.0,1.35,0.02
2014-05-01,57150,145,35,3,1369,31,80975.0,-29.42,0.01
2014-06-01,52569,163,41,8,1659,31,57150.0,-8.02,0.02
2014-07-01,62099,144,44,497,2297,36,52569.0,18.13,0.8
2014-08-01,66010,170,43,5,1162,33,62099.0,6.3,0.01
2014-09-01,45120,133,38,1,1436,33,66010.0,-31.65,0.0
2014-10-01,47465,175,38,9,1134,36,45120.0,5.2,0.02
2014-11-01,37276,192,38,11,825,36,47465.0,-21.47,0.03
2014-12-01,80279,177,43,60,638,33,37276.0,115.36,0.07
2015-01-01,76006,161,42,0,628,32,80279.0,-5.32,0.0
2015-02-01,59802,170,40,3,953,37,76006.0,-21.32,0.01
2015-03-01,45618,176,45,6,549,33,59802.0,-23.72,0.01
2015-04-01,68672,173,43,2,253,31,45618.0,50.54,0.0
2015-05-01,50525,232,45,9,276,41,68672.0,-26.43,0.02
2015-06-01,53335,267,43,2,1608,31,50525.0,5.56,0.0
2015-07-01,53549,192,43,14,1774,40,53335.0,0.4,0.03
2015-08-01,47462,213,44,9,1209,33,53549.0,-11.37,0.02
2015-09-01,79036,243,44,3,1613,41,47462.0,66.52,0.0
2015-10-01,55117,214,43,35,1518,32,79036.0,-30.26,0.06
2015-11-01,69229,227,43,33,529,35,55117.0,25.6,0.05
2015-12-01,376050,201,45,10,352,40,69229.0,443.2,0.0
2016-01-01,212401,197,45,14,1262,40,376050.0,-43.52,0.01
2016-02-01,91662,194,43,1,1217,37,212401.0,-56.84,0.0
2016-03-01,87639,202,46,79,1118,43,91662.0,-4.39,0.09
2016-04-01,264133,878,47,65,1467,44,87639.0,201.39,0.02
2016-05-01,124912,518,45,11,917,39,264133.0,-52.71,0.01
2016-06-01,175227,615,45,15,1182,39,124912.0,40.28,0.01
2016-07-01,146420,413,44,10,1513,39,175227.0,-16.44,0.01
2016-08-01,111972,266,46,14,3382,40,146420.0,-23.53,0.01
2016-09-01,118136,289,47,6,1834,37,111972.0,5.5,0.01
2016-10-01,124444,573,45,66,2325,36,118136.0,5.34,0.05
2016-11-01,136280,276,45,25,1695,36,124444.0,9.51,0.02
2016-12-01,157485,315,46,18,828,36,136280.0,15.56,0.01
2017-01-01,147465,345,45,9,1340,43,157485.0,-6.36,0.01
2017-02-01,104769,235,47,2,473,34,147465.0,-28.95,0.0
2017-03-01,126032,319,46,4,1270,37,104769.0,20.3,0.0
2017-04-01,105737,273,46,10,1591,41,126032.0,-16.1,0.01
2017-05-01,111886,341,47,30,2930,46,105737.0,5.82,0.03
2017-06-01,132917,481,46,3,1586,43,111886.0,18.8,0.0
2017-07-01,179108,570,46,3,1206,39,132917.0,34.75,0.0
2017-08-01,93975,267,45,7,1058,36,179108.0,-47.53,0.01
2017-09-01,81287,273,46,40,2072,39,93975.0,-13.5,0.05
2017-10-01,142331,351,47,7,1573,39,81287.0,75.1,0.0
2017-11-01,121805,349,45,29,1234,39,142331.0,-14.42,0.02
2017-12-01,215761,485,47,36,2291,46,121805.0,77.14,0.02
2018-01-01,283796,479,47,11,3765,45,215761.0,31.53,0.0
2018-02-01,290302,475,47,7,2058,44,283796.0,2.29,0.0
2018-03-01,232279,424,47,28,4442,47,290302.0,-19.99,0.01
2018-04-01,190828,377,47,25,1415,44,232279.0,-17.85,0.01
2018-05-01,227611,495,47,14,2811,44,190828.0,19.28,0.01
2018-06-01,361160,884,47,17,3811,47,227611.0,58.67,0.0
2018-07-01,404488,1096,46,20,1843,51,361160.0,12.0,0.0
2018-08-01,269724,839,47,12,2259,54,404488.0,-33.32,0.0
2018-09-01,252669,722,47,40,2260,53,269724.0,-6.32,0.02
2018-10-01,174707,579,47,1052,4968,50,252669.0,-30.86,0.6
2018-11-01,131143,418,47,35,4063,44,174707.0,-24.94,0.03
2018-12-01,169073,407,47,12,1945,48,131143.0,28.92,0.01
2019-01-01,138259,483,47,69,6056,51,169073.0,-18.23,0.05
2019-02-01,95224,343,46,27,2986,43,138259.0,-31.13,0.03
2019-03-01,90232,444,47,19,3125,51,95224.0,-5.24,0.02
2019-04-01,93106,370,47,12,2014,43,90232.0,3.19,0.01
2019-05-01,143645,453,47,28,1833,58,93106.0,54.28,0.02
2019-06-01,126181,490,47,28,2607,46,143645.0,-12.16,0.02
2019-07-01,150771,425,47,63,4231,50,126181.0,19.49,0.04
2019-08-01,198839,546,47,18,2527,51,150771.0,31.88,0.01
2019-09-01,357420,1104,47,13,2397,51,198839.0,79.75,0.0
2019-10-01,543897,2167,47,14,4173,52,357420.0,52.17,0.0
2019-11-01,255168,529,46,18,3955,55,543897.0,-53.09,0.01
2019-12-01,258780,482,47,42,3472,54,255168.0,1.42,0.02
2020-01-01,224063,381,47,17,3630,51,258780.0,-13.42,0.01
2020-02-01,172359,312,47,270,3862,49,224063.0,-23.08,0.16
2020-03-01,183961,325,47,322,3908,62,172359.0,6.73,0.18
2020-04-01,190264,326,47,222,3935,56,183961.0,3.43,0.12
2020-05-01,256014,335,47,92,2427,62,190264.0,34.56,0.04
2020-06-01,137259,334,47,110,3563,53,256014.0,-46.39,0.08
2020-07-01,406493,1438,47,37,3189,54,137259.0,196.15,0.01
2020-08-01,186361,319,47,90,2587,60,406493.0,-54.15,0.05
2020-09-01,164009,344,47,22,2500,49,186361.0,-11.99,0.01
2020-10-01,145613,349,47,24,3079,52,164009.0,-11.22,0.02
2020-11-01,147890,338,47,41,2550,55,145613.0,1.56,0.03
2020-12-01,154053,315,47,379,2193,52,147890.0,4.17,0.25
2021-01-01,156950,321,47,36,2403,55,154053.0,1.88,0.02
2021-02-01,118330,330,47,147,2860,53,156950.0,-24.61,0.12
2021-03-01,139459,522,47,85,7403,59,118330.0,17.86,0.06
2021-04-01,240492,1334,46,53,2403,53,139459.0,72.45,0.02
2021-05-01,157204,379,47,24,1967,57,240492.0,-34.63,0.02
2021-06-01,176366,447,47,135,3649,55,157204.0,12.19,0.08
2021-07-01,198159,603,47,176,2851,62,176366.0,12.36,0.09
2021-08-01,197775,462,47,25,2988,54,198159.0,-0.19,0.01
2021-09-01,239891,344,47,95,6170,61,197775.0,21.29,0.04
2021-10-01,236641,397,47,20,3984,57,239891.0,-1.35,0.01
2021-11-01,233689,494,47,64,4340,61,236641.0,-1.25,0.03
2021-12-01,249127,444,47,67,5620,55,233689.0,6.61,0.03
2022-01-01,201892,335,47,66,4088,66,249127.0,-18.96,0.03
2022-02-01,148224,334,47,17,3608,59,201892.0,-26.58,0.01
2022-03-01,223671,387,47,41,3249,59,148224.0,50.9,0.02
2022-04-01,192882,353,47,20,5436,64,223671.0,-13.77,0.01
2022-05-01,167732,398,47,225,8045,63,192882.0,-13.04,0.13
2022-06-01,159748,409,46,45,4456,61,167732.0,-4.76,0.03
2022-07-01,171223,356,47,72,6394,59,159748.0,7.18,0.04
2022-08-01,157601,307,47,531,5446,59,171223.0,-7.96,0.34
2022-09-01,157128,318,47,544,4920,61,157601.0,-0.3,0.35
2022-10-01,218519,504,47,25176,30894,66,157128.0,39.07,11.52
2022-11-01,236626,439,47,17202,30969,64,218519.0,8.29,7.27
2022-12-01,198997,461,47,146,9645,63,236626.0,-15.9,0.07
2023-01-01,214274,405,47,46,8513,62,198997.0,7.68,0.02
2023-02-01,157580,409,47,34,6156,74,214274.0,-26.46,0.02
2023-03-01,180163,398,47,86,6299,67,157580.0,14.33,0.05
2023-04-01,150474,390,47,37,3798,62,180163.0,-16.48,0.02
2023-05-01,157817,441,47,120,6504,67,150474.0,4.88,0.08
2023-06-01,123891,422,47,32,6686,64,157817.0,-21.5,0.03
2023-07-01,149785,416,47,52,8502,71,123891.0,20.9,0.03
2023-08-01,305736,418,47,70,8902,65,149785.0,104.12,0.02
2023-09-01,156964,419,47,18306,13935,71,305736.0,-48.66,11.66
2023-10-01,191311,436,47,68097,36354,80,156964.0,21.88,35.59
2023-11-01,226977,452,47,101108,39998,74,191311.0,18.64,44.55
2023-12-01,294078,481,47,49569,8701,67,226977.0,29.56,16.86
2024-01-01,541294,1196,47,42154,4321,75,294078.0,84.06,7.79
2024-02-01,326919,579,47,55741,17600,74,541294.0,-39.6,17.05
2024-03-01,260256,456,47,81330,58872,80,326919.0,-20.39,31.25
2024-04-01,232604,599,47,92140,75700,71,260256.0,-10.62,39.61
2024-05-01,267328,498,47,101495,80376,73,232604.0,14.93,37.97
2024-06-01,209293,464,47,44798,42402,72,267328.0,-21.71,21.4
2024-07-01,292310,499,47,91339,70361,83,209293.0,39.67,31.25
2024-08-01,279253,438,47,69937,51441,70,292310.0,-4.47,25.04
2024-09-01,226940,415,47,62802,48784,79,279253.0,-18.73,27.67
2024-10-01,234459,426,47,61902,57474,77,226940.0,3.31,26.4
2024-11-01,182416,541,47,18017,13457,71,234459.0,-22.2,9.88
2024-12-01,206262,435,47,49426,34967,83,182416.0,13.07,23.96
2025-01-01,237616,477,47,66985,35432,81,206262.0,15.2,28.19
2025-02-01,5567,86,31,13,658,35,237616.0,-97.66,0.23
