building_type,count,avg_height,max_height,avg_levels,max_levels,avg_area_sqm,min_area_sqm,max_area_sqm,height_count,levels_count,min_height_count,underground_count,ele_count,date_count,source_count,name_count,prefecture_count
yes,21019547,6.2,658.5,7.28,1234567.0,132.63,0.0,310598.88,388685,254883,442,56518,382107,2859,6205598,238458,47
house,1704721,7.08,78.0,1.93,47.0,88.81,0.01,25566.9,529163,487023,1,53975,527392,42152,808513,2133,47
detached,349641,7.45,14.0,2.07,23.0,87.92,1.48,2617.18,264,57466,0,8,118,601,21497,212,45
apartments,277299,12.13,237.2,4.09,59.0,302.8,1.03,36156.96,57692,126101,5,2420,56399,4574,111056,86480,47
residential,183740,8.12,190.0,2.39,58.0,122.4,0.02,29280.26,31137,30226,1,2089,30827,1205,87118,1934,47
greenhouse,126243,1.91,19.8,1.0,5.0,392.86,2.7,70909.37,546,9868,0,0,67,0,38393,135,47
roof,85623,8.27,130.0,1.07,10.0,103.92,0.04,30262.87,748,4890,65,22,465,28,17866,1666,47
industrial,68468,7.27,200.0,1.56,15.0,1320.7,0.84,207014.8,27063,22986,0,2821,26959,1672,29144,4528,47
retail,68067,8.07,300.0,2.05,60.0,836.75,1.05,73323.08,16629,22946,5,1708,16179,1585,27552,24640,47
school,39365,13.17,82.9,2.82,36.0,991.39,0.01,81192.33,1872,4210,1,50,1725,107,9665,3350,47
farm_auxiliary,36934,6.86,28.0,1.46,4.0,140.74,0.96,78486.34,21,123,0,0,22,2,166,133,41
commercial,36058,10.68,325.2,3.34,64.0,411.57,0.06,66866.48,17577,21028,5,1057,17079,1368,21644,9853,47
warehouse,27504,5.56,50.0,1.23,12.0,661.29,0.59,106033.77,14988,14918,0,689,14753,508,15652,2099,47
public,26431,7.54,147.2,1.71,48.0,344.66,0.65,57946.03,22012,16536,0,2217,21982,1071,19783,3270,47
garage,20831,4.34,30.0,1.06,12.0,74.01,0.74,33133.81,65,6805,0,7,20,3,2489,382,47
agricultural,11049,4.6,33.4,1.1,3.0,72.82,1.41,12509.83,11048,2291,0,4474,11048,847,6099,20,8
carport,9418,3.11,8.2,1.01,10.0,26.87,1.87,2475.73,209,1411,0,0,134,0,871,6,45
office,8658,49.32,253.0,4.77,54.0,479.62,1.17,16523.9,266,3560,3,91,31,138,3337,5407,47
shed,7485,2.19,6.0,1.03,2.0,43.95,0.46,12509.95,149,2535,3,0,5,16,1645,94,47
university,6425,21.12,99.9,3.89,27.0,1035.92,3.77,20077.75,495,1637,1,33,347,81,2376,3710,47
hotel,6284,14.25,188.65,5.69,53.0,762.07,1.06,18932.8,1534,1995,0,1052,1448,109,2477,2780,47
temple,6139,9.79,38.0,1.41,6.0,341.28,0.34,11372.23,170,322,3,3,141,15,1458,2631,47
hospital,5959,24.42,99.72,4.15,21.0,1587.13,1.48,97548.62,166,1147,0,14,128,26,1280,2282,47
kindergarten,4782,9.25,20.4,2.03,5.0,620.77,2.36,7527.32,79,742,0,7,73,20,875,1097,47
hut,4762,2.9,7.0,1.14,11.0,38.68,0.77,3713.92,37,466,1,3,6,1,907,208,46
train_station,4544,10.44,82.0,1.72,20.0,1023.97,3.52,56323.46,86,867,12,13,60,44,1371,1921,47
shrine,4203,12.24,48.74,1.13,6.0,139.07,0.07,35219.09,85,177,0,1,71,81,1322,2489,47
barn,3545,,,1.12,2.0,124.23,0.92,13296.54,0,419,0,0,0,0,255,34,40
parking,2717,10.21,49.83,3.51,15.0,1308.8,5.09,27860.15,184,590,0,0,166,8,897,516,47
storage_tank,2536,22.98,24.0,1.3,5.0,535.21,1.47,5915.32,53,46,0,0,0,0,988,31,32
government,1853,7.31,60.0,1.79,22.0,338.6,2.24,12107.31,1629,1076,0,152,1628,91,1355,418,30
terrace,1852,4.51,11.4,1.74,4.0,139.33,12.27,2187.09,20,601,0,0,2,29,580,131,29
garages,1513,5.74,30.0,1.27,11.0,269.32,4.96,14155.47,12,359,0,0,7,0,581,113,44
service,1452,7.22,50.0,1.18,7.0,147.54,0.41,8916.27,32,422,0,4,3,11,317,222,43
civic,1142,14.25,30.0,2.36,18.0,1083.58,4.68,14735.95,11,326,0,8,7,6,354,765,44
sports_hall,1114,13.41,43.0,1.96,5.0,1382.87,103.04,16517.48,305,304,0,3,305,25,522,239,40
dormitory,1070,15.12,38.0,3.89,14.0,620.37,13.53,23602.56,25,322,0,2,4,9,190,773,44
construction,1045,70.28,263.0,9.93,64.0,1169.91,2.25,39934.9,89,268,2,10,1,6,195,218,42
college,901,21.85,65.24,4.59,50.0,905.38,0.46,29262.59,25,228,0,1,21,3,256,575,46
church,781,14.46,30.5,2.27,6.0,292.9,6.43,4962.23,8,77,0,0,5,3,327,380,47
bungalow,691,7.18,8.3,1.09,2.0,70.18,5.3,3966.45,20,46,0,0,20,0,92,156,31
cabin,690,,,1.1,2.0,55.71,1.2,668.45,0,532,0,0,0,0,21,55,28
farm,638,,,1.2,2.0,267.32,8.15,4279.95,0,15,0,0,0,0,74,15,32
shop,634,15.9,37.0,1.91,6.0,1073.32,10.77,35668.15,4,33,0,0,1,0,255,484,20
ruins,528,4.6,4.6,2.07,7.0,567.5,1.31,45763.53,1,85,0,0,1,0,83,85,42
no,523,,,1.33,3.0,17434.04,3.37,686080.24,0,3,0,0,0,6,38,332,33
toilets,520,3.49,4.9,0.99,1.0,45.85,0.45,1621.04,5,193,0,2,4,0,110,15,37
stable,513,6.18,10.4,1.75,2.0,572.43,1.86,15840.57,4,171,0,0,3,0,162,26,28
hangar,504,13.11,17.0,1.48,2.0,1822.65,3.81,21243.75,8,44,0,0,1,2,108,60,39
cowshed,449,,,1.06,2.0,902.05,68.11,8013.38,0,18,0,0,1,0,45,17,30
supermarket,424,10.0,10.0,1.77,6.0,3054.99,27.18,43838.23,1,60,0,1,0,4,229,216,36
silo,423,40.0,40.0,,,80.33,1.65,11413.96,1,0,0,0,0,0,263,1,15
transportation,364,33.36,79.87,3.17,17.0,1288.53,4.14,55101.28,10,52,0,4,11,5,110,157,40
fire_station,363,12.13,15.0,2.28,9.0,446.89,11.35,2524.06,4,71,0,1,4,11,55,162,40
allotment_house,330,62.58,64.66,4.84,32.0,296.92,36.13,1858.47,7,315,0,0,0,0,41,51,16
bunker,323,30.0,30.0,1.04,5.0,198.52,13.07,4504.52,1,269,0,0,0,0,0,13,9
stadium,305,28.1,84.0,4.22,7.0,4008.7,6.27,44416.82,8,9,0,1,0,1,28,73,37
manufacture,294,,,2.28,5.0,3749.25,6.16,135932.29,0,50,0,0,0,0,111,77,18
container,245,2.0,2.0,1.03,2.0,43.76,3.25,529.09,1,37,0,0,0,7,47,10,8
sty,199,,,1.2,2.0,661.47,5.88,7585.83,0,5,0,0,0,0,11,1,13
gatehouse,198,14.32,21.7,1.76,2.0,123.07,5.5,1096.75,6,21,0,0,0,25,77,153,32
bridge,196,14.46,30.0,1.84,6.0,201.92,4.36,7678.33,29,37,5,0,24,2,45,9,28
semidetached_house,166,,,2.31,3.0,105.71,1.8,634.43,0,84,0,0,0,0,73,1,10
grandstand,145,7.0,7.0,2.5,3.0,1648.15,17.68,16106.81,1,2,0,0,0,0,38,29,29
tank,142,,,1.0,1.0,765.56,16.4,4139.91,0,2,0,0,0,0,91,0,5
pavilion,111,8.13,18.0,1.79,3.0,1005.99,13.01,15420.82,4,19,0,0,2,0,6,35,31
chapel,111,12.3,13.9,2.18,5.0,307.85,4.02,1839.22,2,11,0,0,2,0,26,51,26
sports_centre,98,16.2,16.4,2.83,5.0,1540.59,7.17,9224.53,2,12,0,1,1,2,16,31,19
gasometer,83,41.67,50.0,,,1183.91,25.21,5993.31,3,0,0,0,0,0,22,2,8
restaurant,69,9.65,14.8,1.83,5.0,265.09,26.18,2011.94,2,12,0,0,1,0,19,58,18
pagoda,62,33.47,55.0,3.53,5.0,152.68,2.67,1272.39,14,38,0,0,0,16,30,56,21
gate,56,8.81,25.3,1.29,2.0,46.37,3.34,186.96,10,7,0,0,10,0,18,11,15
museum,54,14.8,27.9,2.31,4.0,1589.02,54.23,19676.85,8,13,0,0,8,3,20,47,16
sidewalk,52,,,,,107.3,8.78,366.66,0,0,0,0,0,0,0,0,1
kiosk,42,,,1.0,1.0,42.35,2.84,543.08,0,15,0,0,0,0,24,10,10
religious,41,13.63,30.0,1.75,6.0,318.99,0.18,1741.67,4,8,0,1,3,1,8,24,13
historic,35,35.25,66.5,1.5,2.0,337.32,2.82,1882.33,2,2,0,0,0,0,3,27,5
wayside_shrine,30,,,,,12.85,1.53,62.78,0,0,0,0,0,1,6,13,14
factory,24,,,2.5,3.0,3320.98,94.77,18177.72,0,2,0,0,0,0,17,8,9
station,24,13.35,22.7,2.0,3.0,862.28,56.86,3778.12,2,4,0,0,3,2,8,14,10
bank,23,4.0,4.0,4.0,6.0,449.76,142.92,885.74,1,2,0,0,0,0,15,21,10
static_caravan,22,,,1.0,1.0,27.63,10.03,61.44,0,2,0,0,0,0,1,5,8
tower,22,109.2,295.8,37.0,70.0,266.76,1.91,4586.58,4,2,0,1,1,2,4,5,10
guardhouse,20,4.0,4.0,1.0,1.0,48.34,3.84,127.09,1,3,0,0,0,0,7,1,9
post_office,19,,,4.0,4.0,628.79,94.18,3986.92,0,1,0,0,0,0,14,17,3
clinic,19,16.05,21.1,3.67,5.0,426.53,98.84,924.75,6,9,0,0,6,0,6,13,9
glasshouse,18,,,,,509.28,30.61,1735.92,0,0,0,0,0,0,18,0,1
wall,17,,,,,699.32,22.63,2819.49,0,0,0,0,0,0,0,0,2
pharmacy,16,,,1.5,2.0,157.37,69.28,653.17,0,4,0,0,0,0,8,15,6
boathouse,16,,,1.0,1.0,260.76,18.08,1867.32,0,1,0,0,0,0,1,7,9
castle,14,46.4,46.4,5.33,6.0,10273.75,55.78,135047.99,1,3,0,0,0,9,4,14,7
houseboat,13,,,,,281.48,115.67,643.18,0,0,0,0,0,0,0,0,3
collapsed,13,,,,,95.66,25.52,136.05,0,0,0,0,0,0,4,2,5
apartment,12,,,3.67,5.0,293.38,93.39,564.7,0,9,0,0,0,0,0,1,2
monastery,12,,,,,398.31,15.64,1431.98,0,0,0,0,0,0,10,2,3
elevator,12,,,,,107.78,13.95,328.43,0,0,0,0,0,0,0,0,2
townhall,12,,,5.4,10.0,1277.92,245.31,2501.72,0,5,0,0,0,0,3,7,4
police,11,,,3.0,3.0,314.56,8.65,1134.83,0,1,0,0,0,0,7,9,5
tent,11,,,1.0,1.0,148.44,24.65,299.51,0,1,0,0,0,0,4,0,4
community_centre,11,,,1.0,1.0,328.29,91.39,645.05,0,3,0,0,1,0,1,11,7
library,11,23.7,33.7,5.0,8.0,1929.98,615.23,5847.0,4,5,0,0,4,0,5,11,7
cathedral,10,,,1.33,2.0,868.47,153.88,2569.79,0,3,0,0,0,2,5,9,9
water_tower,9,27.68,41.5,,,81.1,14.48,171.16,6,0,0,0,0,2,3,4,6
watchtower,9,,,,,13.37,2.08,22.96,0,0,0,0,0,0,0,0,2
shine,8,,,1.67,2.0,24.26,1.25,107.79,0,3,0,0,0,0,1,6,2
gazebo,7,,,,,81.38,16.33,411.41,0,0,0,0,0,0,7,1,1
works,7,,,,,977.38,74.31,4635.72,0,0,0,0,0,0,4,0,2
funeral_hall,7,,,1.8,2.0,872.34,215.41,1614.86,0,5,0,0,0,0,5,7,5
transformer_tower,7,,,,,298.77,56.55,679.74,0,0,0,0,0,0,0,0,5
proposed,7,27.98,39.97,10.25,13.0,1988.77,108.08,8721.23,5,4,0,0,0,1,0,1,2
entrance,7,14.28,28.19,,,30.02,0.28,140.94,4,0,2,0,0,0,1,0,4
public_building,7,,,2.0,2.0,1543.93,126.71,3741.56,0,1,0,0,0,0,1,5,6
mosque,7,,,4.0,4.0,229.55,82.4,530.09,0,1,0,0,0,1,3,6,7
railway,7,,,,,1443.89,110.34,3760.54,0,0,0,0,0,0,0,2,3
cafe,6,,,3.2,11.0,221.84,97.46,487.23,0,5,0,0,0,0,6,6,2
dining,6,,,2.17,7.0,221.76,72.68,391.36,0,6,0,0,0,0,5,6,1
disused,6,,,3.5,8.0,354.47,57.63,1642.19,0,4,0,0,0,0,2,1,6
ruin,6,,,1.33,2.0,459.82,24.22,2243.11,0,6,0,0,0,0,0,0,1
storage,6,,,,,21.25,2.15,63.09,0,0,0,0,0,0,1,1,3
theatre,6,,,,,4872.5,154.13,15815.66,0,0,0,0,0,0,0,5,5
abandoned,6,,,,,461.28,66.54,2137.8,0,0,0,0,0,0,0,0,1
convenience,5,,,1.0,1.0,203.72,167.23,237.36,0,1,0,0,0,0,0,4,3
place_of_worship,5,,,,,220.79,11.59,541.75,0,0,0,0,0,0,0,0,4
shinto,5,,,,,127.42,2.37,347.69,0,0,0,0,0,0,2,3,3
catholic,5,,,,,680.16,43.16,2185.05,0,0,0,0,0,0,4,4,1
gymnasium,5,,,,,2276.47,322.69,5250.74,0,0,0,0,0,0,1,4,5
mall,4,,,,,7437.94,188.08,18244.59,0,0,0,0,0,0,3,2,2
polytunnel,4,,,,,1130.44,122.9,2600.23,0,0,0,0,0,0,0,0,1
multiple,4,,,,,447.34,206.98,686.72,0,0,0,0,0,0,0,0,1
chicken_coop,4,,,,,345.14,0.34,576.19,0,0,0,0,0,0,0,0,2
pump,4,,,,,27.97,27.91,28.02,0,0,0,0,0,0,0,0,1
electricity,4,,,2.0,2.0,161.0,53.13,377.05,0,1,0,0,0,0,2,0,1
window,4,17.51,24.75,,,1.6,0.34,4.64,4,0,4,0,0,0,0,0,1
part,4,4.25,5.0,1.25,2.0,12.36,1.7,30.46,4,4,2,0,0,0,0,0,1
canopy,4,,,,,86.06,24.98,146.43,0,0,0,0,0,0,0,0,2
swimming_pool,4,,,,,317.51,72.15,931.28,0,0,0,0,0,0,3,0,2
bakehouse,4,,,,,204.17,47.12,358.72,0,0,0,0,0,0,1,1,3
gym,4,,,,,1245.94,237.06,2137.3,0,0,0,0,0,0,1,3,3
plastic greenhouse,4,,,,,297.38,276.58,330.68,0,0,0,0,0,0,0,0,1
bath,4,,,,,401.05,214.37,539.97,0,0,0,0,0,0,0,4,1
reactor,4,,,,,1429.66,1161.59,1702.37,0,0,0,0,0,0,0,2,2
military,4,,,2.0,2.0,1326.93,131.57,3144.12,0,1,0,0,0,0,1,4,3
outbuilding,4,,,,,32.92,5.36,98.12,0,0,0,0,0,0,2,0,2
lighthouse,3,12.85,13.0,1.0,1.0,25.06,7.84,35.85,2,1,0,0,0,1,1,2,3
fuel,3,,,,,210.76,29.99,454.96,0,0,0,0,0,0,0,0,1
battery,3,10.9,10.9,,,1457.94,140.39,3982.98,1,0,0,0,0,3,0,3,1
froof,3,,,,,115.76,8.84,306.45,0,0,0,0,0,0,3,0,3
yes;public,3,,,,,1176.95,321.3,1791.37,0,0,0,0,0,0,3,3,3
jinja,3,,,,,405.63,72.74,1065.57,0,0,0,0,0,0,0,3,2
railway_station,3,,,,,1761.18,399.02,4315.15,0,0,0,0,0,0,1,1,3
torii,3,,,,,4.51,2.65,7.61,0,0,0,0,0,0,0,0,1
doctors,3,14.45,16.4,3.0,3.0,264.35,241.17,299.91,2,2,0,0,2,0,2,0,2
civil,3,,,,,1583.84,52.02,3230.39,0,0,0,0,0,0,3,3,1
onsen,3,,,,,775.36,85.42,1630.29,0,0,0,0,0,2,2,3,2
prep_school,3,,,4.5,6.0,998.34,186.95,2230.27,0,2,0,0,0,0,1,3,1
power station,3,,,,,19607.57,17257.86,22894.77,0,0,0,0,0,0,0,0,1
amenity,3,,,,,1049.07,211.41,2128.84,0,0,0,0,0,0,1,2,3
het,3,,,,,12.77,8.93,20.2,0,0,0,0,0,0,0,0,1
social_facility,3,,,,,470.49,406.19,530.62,0,0,0,0,0,0,1,3,2
loof,3,,,,,36.76,7.75,74.23,0,0,0,0,0,0,0,0,2
ship,3,,,,,1088.69,562.14,2138.29,0,0,0,0,0,1,1,3,2
brewery,3,,,,,22548.4,400.16,65679.93,0,0,0,0,0,0,2,2,3
grass,2,,,,,66.17,40.97,91.37,0,0,0,0,0,0,0,0,1
3,2,,,,,340.88,26.6,655.16,0,0,0,0,0,0,1,0,2
E,2,,,,,42.65,37.37,47.92,0,0,0,0,0,0,2,0,1
Institute,2,,,2.0,2.0,4054.89,1824.03,6285.75,0,2,0,0,0,0,0,2,1
Sento,2,,,,,331.68,329.54,333.81,0,0,0,0,0,1,2,2,1
bar,2,,,2.0,2.0,33.36,31.34,35.38,0,1,0,0,0,0,2,2,1
barrack,2,,,,,16.95,15.66,18.23,0,0,0,0,0,0,1,1,2
bus_station,2,,,2.0,2.0,761.45,634.27,888.63,0,1,0,0,0,0,1,2,2
childcare,2,,,,,476.37,197.88,754.86,0,0,0,0,0,0,0,1,2
chimney,2,,,,,8.33,6.74,9.91,0,0,0,0,0,0,0,0,1
company,2,,,,,410.91,365.27,456.54,0,0,0,0,0,0,1,1,2
conservatory,2,,,2.0,2.0,1958.4,1314.23,2602.57,0,1,0,0,0,1,0,2,2
control_tower,2,,,,,527.41,149.19,905.63,0,0,0,0,0,0,1,1,2
destroyed,2,,,,,282.94,196.55,369.32,0,0,0,0,0,0,0,0,1
fast_food,2,,,2.0,2.0,276.58,269.28,283.88,0,1,0,0,0,0,0,2,2
fuel;roof,2,,,,,214.05,133.71,294.39,0,0,0,0,0,0,0,0,1
gallery,2,,,1.0,1.0,76.55,72.84,80.25,0,1,0,0,0,0,2,2,2
government_office,2,14.0,14.0,5.0,5.0,471.88,57.48,886.27,1,1,0,0,0,0,0,2,2
2,2,,,,,185.95,105.63,266.26,0,0,0,0,0,0,0,0,2
greengreenｑ,2,,,,,327.19,31.16,623.22,0,0,0,0,0,0,0,0,1
hallway,2,,,,,224.35,54.36,394.34,0,0,0,0,0,0,0,0,1
healthcare,2,,,2.0,2.0,326.22,116.52,535.92,0,1,0,0,0,0,1,2,2
home,2,,,,,122.17,116.6,127.73,0,0,0,0,0,0,0,1,2
hout,2,,,,,43.09,15.76,70.41,0,0,0,0,0,0,0,0,1
laundry,2,2.5,2.5,1.0,1.0,120.54,74.08,166.99,1,2,0,0,0,0,0,1,2
pitch,2,,,,,331.8,185.78,477.82,0,0,0,0,0,0,0,0,1
playground,2,,,,,48.99,40.99,56.98,0,0,0,0,0,0,0,0,1
pub,2,,,,,2774.96,97.35,5452.57,0,0,0,0,0,0,0,2,2
public_bath,2,,,2.0,2.0,182.86,103.61,262.11,0,1,0,0,0,0,1,2,2
qqqqqqqqqs,2,,,,,143.91,126.63,161.18,0,0,0,0,0,0,0,0,1
resutaurant,2,,,,,313.53,153.07,473.98,0,0,0,0,0,0,0,2,1
ret,2,,,,,205.76,185.94,225.57,0,0,0,0,0,0,0,0,1
schrine,2,,,,,107.02,54.88,159.15,0,0,0,0,0,0,0,2,1
shelter,2,,,,,81.66,17.77,145.54,0,0,0,0,0,0,0,0,2
sport_hall,2,,,,,963.48,811.73,1115.23,0,0,0,0,0,0,1,0,2
store,2,,,,,160.3,101.29,219.31,0,0,0,0,0,0,1,1,2
student_apartment,2,,,3.0,3.0,525.8,514.74,536.86,0,2,0,0,0,0,2,2,1
substation,2,,,,,649.96,579.32,720.59,0,0,0,0,0,0,0,0,2
subway_entrance,2,,,1.0,1.0,159.84,141.18,178.5,0,2,0,0,0,0,0,0,1
tye,2,,,,,156.63,109.81,203.45,0,0,0,0,0,0,2,0,1
type,2,,,,,119.34,99.34,139.33,0,0,0,0,0,0,0,2,1
was,2,,,,,268.7,164.47,372.93,0,0,0,0,0,0,0,0,2
water_place,2,,,,,29.22,29.22,29.22,0,0,0,0,0,0,0,0,1
water_works,2,,,,,5689.03,5608.74,5769.31,0,0,0,0,0,0,0,0,1
yes;apartments,2,,,2.5,3.0,167.94,111.37,224.5,0,2,0,0,0,0,0,2,1
yes;roof,2,,,,,123.94,97.99,149.89,0,0,0,0,0,0,0,0,1
yesw,2,,,,,39.22,31.6,46.84,0,0,0,0,0,0,0,0,1
倉庫,2,7.0,7.0,1.0,1.0,41.93,41.53,42.33,1,2,0,0,0,0,2,1,1
飲食店,2,,,,,333.99,93.88,574.09,0,0,0,0,0,0,0,1,1
pool,1,,,,,447.23,447.23,447.23,0,0,0,0,0,0,1,1,1
possible_field,1,,,,,4004.42,4004.42,4004.42,0,0,0,0,0,0,0,0,1
hall,1,,,6.0,6.0,3823.51,3823.51,3823.51,0,1,0,0,0,0,0,1,1
postoffice,1,,,,,1748.31,1748.31,1748.31,0,0,0,0,0,0,0,0,1
power,1,,,,,313.22,313.22,313.22,0,0,0,0,0,0,1,1,1
hairdresser,1,,,1.0,1.0,333.65,333.65,333.65,0,1,0,0,0,0,0,1,1
prefabricated house,1,,,,,29.98,29.98,29.98,0,0,0,0,0,0,1,1,1
gyu-kaku,1,,,,,95.82,95.82,95.82,0,0,0,0,0,0,0,1,1
presbytery,1,,,,,1347.47,1347.47,1347.47,0,0,0,0,0,0,1,0,1
primary,1,,,,,1821.84,1821.84,1821.84,0,0,0,0,0,0,0,0,1
private,1,,,,,23.92,23.92,23.92,0,0,0,0,0,0,0,0,1
gymnastics,1,,,,,913.97,913.97,913.97,0,0,0,0,0,0,0,1,1
yes_[基礎演習b(メディア情報コース1)(1452:廣瀬_雄二)(16名)],1,,,,,2535.06,2535.06,2535.06,0,0,0,0,0,0,0,1,1
guest_house,1,,,,,57.81,57.81,57.81,0,0,0,0,0,0,0,1,1
農業生産用資材倉庫,1,,,,,2104.32,2104.32,2104.32,0,0,0,0,0,0,0,0,1
grq,1,,,,,85.93,85.93,85.93,0,0,0,0,0,0,0,0,1
greens,1,,,,,715.41,715.41,715.41,0,0,0,0,0,0,0,0,1
かめ・かえる館,1,,,,,210.57,210.57,210.57,0,0,0,0,0,0,0,0,1
greengrocer,1,,,,,120.31,120.31,120.31,0,0,0,0,0,0,0,1,1
go,1,,,,,27.75,27.75,27.75,0,0,0,0,0,0,0,0,1
razed,1,,,,,42.18,42.18,42.18,0,0,0,0,0,0,0,1,1
re,1,,,,,303.87,303.87,303.87,0,0,0,0,0,0,1,1,1
ger,1,,,2.0,2.0,529.18,529.18,529.18,0,1,0,0,0,0,0,1,1
ge,1,,,,,157.32,157.32,157.32,0,0,0,0,0,0,1,0,1
rental,1,,,4.0,4.0,15529.91,15529.91,15529.91,0,1,0,0,0,0,1,1,1
residence,1,,,2.0,2.0,78.94,78.94,78.94,0,1,0,0,0,0,0,0,1
garo,1,,,,,29.92,29.92,29.92,0,0,0,0,0,0,0,0,1
furniture,1,,,,,4393.68,4393.68,4393.68,0,0,0,0,0,0,0,0,1
ガレージ,1,,,3.0,3.0,107.62,107.62,107.62,0,1,0,0,0,0,1,0,1
スーパー,1,,,,,699.89,699.89,699.89,0,0,0,0,0,0,0,1,1
retai,1,,,,,1170.82,1170.82,1170.82,0,0,0,0,0,0,0,0,1
flat,1,3.5,3.5,1.0,1.0,4.15,4.15,4.15,1,1,0,0,0,0,0,0,1
retail;house,1,,,,,134.4,134.4,134.4,0,0,0,0,0,0,0,1,1
retail;residential,1,,,3.0,3.0,24.37,24.37,24.37,0,1,0,0,0,0,1,0,1
retret,1,,,,,36.27,36.27,36.27,0,0,0,0,0,0,1,1,1
fabric_store,1,,,,,155.11,155.11,155.11,0,0,0,0,0,0,0,1,1
roog,1,,,,,125.04,125.04,125.04,0,0,0,0,0,0,0,0,1
room,1,,,1.0,1.0,38.93,38.93,38.93,0,1,0,0,0,0,0,0,1
root,1,,,,,62.13,62.13,62.13,0,0,0,0,0,0,0,0,1
estimated,1,,,,,227.55,227.55,227.55,0,0,0,0,0,0,1,0,1
escalator,1,8.8,8.8,1.0,1.0,76.14,76.14,76.14,1,1,0,0,1,0,1,0,1
s,1,,,,,48.72,48.72,48.72,0,0,0,0,0,0,0,0,1
electronics,1,,,,,13209.41,13209.41,13209.41,0,0,0,0,0,0,0,1,1
school;yes,1,,,6.0,6.0,30.86,30.86,30.86,0,1,0,0,0,0,0,0,1
ハウスクリーニング,1,,,,,308.61,308.61,308.61,0,0,0,0,0,0,0,1,1
dum,1,,,,,10759.67,10759.67,10759.67,0,0,0,0,0,0,0,0,1
sentoh,1,,,,,111.29,111.29,111.29,0,0,0,0,0,0,0,1,1
sentou,1,,,,,440.61,440.61,440.61,0,0,0,0,0,1,1,1,1
drugstore,1,,,,,667.81,667.81,667.81,0,0,0,0,0,0,0,1,1
digester,1,,,,,59.63,59.63,59.63,0,0,0,0,0,0,0,0,1
フィットネスジム,1,,,,,221.11,221.11,221.11,0,0,0,0,0,0,1,1,1
dentist,1,,,,,186.33,186.33,186.33,0,0,0,0,0,0,1,0,1
demolition,1,,,,,507.95,507.95,507.95,0,0,0,0,0,0,0,0,1
demolished,1,,,,,162.08,162.08,162.08,0,0,0,0,0,0,1,0,1
deck,1,,,,,26.12,26.12,26.12,0,0,0,0,0,0,0,0,1
craft,1,,,,,207.48,207.48,207.48,0,0,0,0,0,0,0,0,1
corridor,1,,,,,2988.26,2988.26,2988.26,0,0,0,0,0,0,0,1,1
convent,1,,,,,376.63,376.63,376.63,0,0,0,0,0,0,1,0,1
convenience_store,1,,,,,157.43,157.43,157.43,0,0,0,0,0,0,0,1,1
ホテル,1,,,,,528.0,528.0,528.0,0,0,0,0,0,0,0,1,1
condominium,1,27.0,27.0,9.0,9.0,1015.02,1015.02,1015.02,1,1,0,0,0,0,1,1,1
concert_hall,1,,,6.0,6.0,2135.82,2135.82,2135.82,0,1,0,1,0,0,1,1,1
ssh,1,,,3.0,3.0,976.37,976.37,976.37,0,1,0,0,0,0,0,0,1
community_center,1,,,,,370.22,370.22,370.22,0,0,0,0,0,0,0,1,1
stables,1,,,,,785.68,785.68,785.68,0,0,0,0,0,0,0,0,1
community center,1,,,,,179.31,179.31,179.31,0,0,0,0,0,0,1,1,1
commercial;retail,1,,,,,545.75,545.75,545.75,0,0,0,0,0,0,0,0,1
commercial;hotel,1,151.6,151.6,32.0,32.0,3691.96,3691.96,3691.96,1,1,0,0,0,0,1,1,1
steps,1,,,0.0,0.0,23.66,23.66,23.66,0,1,0,0,0,0,0,0,1
commerce,1,,,2.0,2.0,171.82,171.82,171.82,0,1,0,0,0,0,0,0,1
coffee_shop,1,,,,,275.13,275.13,275.13,0,0,0,0,0,0,0,1,1
交番,1,,,2.0,2.0,44.12,44.12,44.12,0,1,0,0,0,0,1,0,1
件に,1,,,,,170.69,170.69,170.69,0,0,0,0,0,0,0,1,1
study space,1,,,,,96.39,96.39,96.39,0,0,0,0,0,0,1,1,1
stupa,1,,,,,1130.29,1130.29,1130.29,0,0,0,0,0,0,0,1,1
clubhouse,1,,,,,253.67,253.67,253.67,0,0,0,0,0,0,1,1,1
体育館,1,,,,,861.28,861.28,861.28,0,0,0,0,0,0,0,0,1
駐輪場,1,,,1.0,1.0,4.23,4.23,4.23,0,1,0,0,0,0,0,0,1
supermaket,1,,,,,778.44,778.44,778.44,0,0,0,0,0,0,1,1,1
city_hall,1,,,,,3827.62,3827.62,3827.62,0,0,0,0,0,0,0,1,1
surface,1,,,,,952.51,952.51,952.51,0,0,0,0,0,0,0,0,1
surge_chamber,1,,,,,209.13,209.13,209.13,0,0,0,0,0,0,0,0,1
bus,1,,,,,157.65,157.65,157.65,0,0,0,0,0,0,0,1,1
synagogue,1,,,,,381.78,381.78,381.78,0,0,0,0,0,0,0,0,1
booth,1,,,1.0,1.0,6.75,6.75,6.75,0,1,0,0,0,0,0,0,1
tech_cab,1,,,,,16.58,16.58,16.58,0,0,0,0,0,0,0,0,1
bicycle_parking,1,,,2.0,2.0,318.14,318.14,318.14,0,1,0,0,0,0,0,1,1
tenshu,1,,,6.0,6.0,686.12,686.12,686.12,0,1,0,0,0,1,1,1,1
beach_hut,1,,,,,3.66,3.66,3.66,0,0,0,0,0,0,0,0,1
barracks,1,,,,,258.81,258.81,258.81,0,0,0,0,0,0,1,0,1
barnmple,1,,,1.0,1.0,229.38,229.38,229.38,0,1,0,0,0,0,0,1,1
asphalt,1,,,,,937.76,937.76,937.76,0,0,0,0,0,0,0,1,1
artwork,1,,,,,62.56,62.56,62.56,0,0,0,0,0,0,0,1,1
aquarium,1,,,2.0,2.0,4740.03,4740.03,4740.03,0,1,0,0,0,1,0,1,1
antenna,1,,,,,1697.39,1697.39,1697.39,0,0,0,0,0,0,0,0,1
train,1,,,,,47.89,47.89,47.89,0,0,0,0,0,0,0,0,1
Trunkroom,1,,,,,758.52,758.52,758.52,0,0,0,0,0,0,1,1,1
Shrine,1,,,,,3.72,3.72,3.72,0,0,0,0,0,0,0,0,1
Onsen,1,,,,,1664.07,1664.07,1664.07,0,0,0,0,0,0,1,1,1
公民館,1,,,2.0,2.0,229.94,229.94,229.94,0,1,0,0,0,0,1,0,1
国土交通省　除雪車回転場,1,,,,,294.53,294.53,294.53,0,0,0,0,0,0,0,1,1
Office_Building_/_Laboratory,1,,,4.0,4.0,1880.94,1880.94,1880.94,0,1,0,0,0,0,0,1,1
unused,1,,,,,318.05,318.05,318.05,0,0,0,0,0,0,1,1,1
Nursing_home,1,,,1.0,1.0,9282.15,9282.15,9282.15,0,1,0,0,0,0,0,1,1
Laboratory,1,,,,,4801.32,4801.32,4801.32,0,0,0,0,0,0,0,1,1
大雲寺　北陸別院,1,,,5.0,5.0,590.26,590.26,590.26,0,1,0,0,0,0,0,0,1
Jinja,1,,,,,130.45,130.45,130.45,0,0,0,0,0,0,0,1,1
有田工業(株) 第２工場,1,,,,,15334.88,15334.88,15334.88,0,0,0,0,0,0,0,0,1
water_purification_plant,1,,,,,251.77,251.77,251.77,0,0,0,0,0,0,0,1,1
JA福井県 あわら総合物流センター,1,,,,,3299.61,3299.61,3299.61,0,0,0,0,0,0,0,0,1
松尾松濤ビル,1,,,,,89.56,89.56,89.56,0,0,0,0,0,0,1,1,1
GSImaps/seamlessphoto,1,,,,,109.84,109.84,109.84,0,0,0,0,0,0,0,0,1
windmill,1,,,,,41.45,41.45,41.45,0,0,0,0,0,0,0,0,1
Distillery room,1,,,,,715.95,715.95,715.95,0,0,0,0,0,0,0,1,1
Casa de Arai,1,,,,,192.72,192.72,192.72,0,0,0,0,0,0,0,1,1
Boundary,1,,,,,507.64,507.64,507.64,0,0,0,0,0,0,0,0,1
福井県新規就農支援施設 ふくい園芸カレッジ,1,,,,,989.85,989.85,989.85,0,0,0,0,0,0,0,0,1
yes;house,1,,,,,89.7,89.7,89.7,0,0,0,0,0,0,0,0,1
Accommodation/Maintenance,1,,,,,310.15,310.15,310.15,0,0,0,0,0,0,0,1,1
n,1,,,,,464.96,464.96,464.96,0,0,0,0,0,0,0,0,1
motorcycle_parking,1,,,,,113.0,113.0,113.0,0,0,0,0,0,0,0,0,1
nursery_school,1,,,,,3821.85,3821.85,3821.85,0,0,0,0,0,0,0,1,1
nursing_home,1,,,,,1497.77,1497.77,1497.77,0,0,0,0,0,0,0,1,1
motel,1,,,2.0,2.0,564.45,564.45,564.45,0,1,0,0,0,0,0,0,1
milk,1,,,,,122.99,122.99,122.99,0,0,0,0,0,0,1,1,1
optician,1,,,,,162.82,162.82,162.82,0,0,0,0,0,0,0,1,1
organization,1,,,4.0,4.0,2940.09,2940.09,2940.09,0,1,0,0,0,0,1,1,1
material_brick,1,,,,,92.36,92.36,92.36,0,0,0,0,0,0,0,0,1
outdoor,1,,,,,857.14,857.14,857.14,0,0,0,0,0,0,0,1,1
p,1,,,,,86.93,86.93,86.93,0,0,0,0,0,0,1,0,1
main,1,,,,,32.87,32.87,32.87,0,0,0,0,0,0,0,0,1
leisure,1,,,,,97.65,97.65,97.65,0,0,0,0,0,0,0,0,1
parking_lot,1,,,,,1597.74,1597.74,1597.74,0,0,0,0,0,0,0,1,1
kingdom_hall,1,,,,,184.48,184.48,184.48,0,0,0,0,0,0,1,1,1
hotel;yes,1,,,,,2171.76,2171.76,2171.76,0,0,0,0,0,0,0,1,1
hostel,1,,,3.0,3.0,1314.28,1314.28,1314.28,0,1,0,0,0,0,0,1,1
pit,1,,,,,97.05,97.05,97.05,0,0,0,0,0,0,0,1,1
yes;retail,1,,,,,198.87,198.87,198.87,0,0,0,0,0,0,0,1,1
hospital;house,1,,,,,265.59,265.59,265.59,0,0,0,0,0,0,0,1,1
hit,1,,,,,20.88,20.88,20.88,0,0,0,0,0,0,0,0,1
薬局,1,,,1.0,1.0,32.67,32.67,32.67,0,1,0,0,0,0,0,1,1
high_school,1,,,,,37569.59,37569.59,37569.59,0,0,0,0,0,0,0,1,1
hau,1,,,2.0,2.0,67.47,67.47,67.47,0,1,0,0,0,0,0,0,1
